first_name,last_name,email,password
john,doe,john.doe@example.com,abc123
jane,doe,jane.doe@example.com,xyz456
Thomas,Edison,thomas.Edison@gmail.com,qwe123
Albert,Einstein,Albert.Einstein@gmail.com,asd123
Andrea,Sequeria,Andrea.Seq@gmail.com,AND123
Ajit,Pawar,AjitP@gmail.com,AJP123
Swarali,Patil,SawaraliPatil@gmail.com,Swara123
